time,open,high,low,close,volume
1699909200000,3278.0,3278.0,3194.5,3221.0,232
1699995600000,3216.0,3223.5,3185.0,3220.0,1503
1700082000000,3217.0,3222.5,3180.0,3180.0,2247
1700168400000,3189.0,3220.0,3015.0,3209.0,3562
1700427600000,3209.5,3219.0,3193.0,3205.5,1184
1700514000000,3209.5,3220.0,3190.0,3218.5,720
1700600400000,3218.0,3244.5,3216.0,3234.0,1332
1700686800000,3235.0,3244.5,3220.0,3223.5,510
1700773200000,3223.0,3259.0,3206.0,3227.5,2036
1701032400000,3221.5,3234.5,3182.5,3194.5,1870
1701118800000,3195.5,3204.5,3165.0,3198.5,2104
1701205200000,3197.0,3205.0,3176.0,3181.5,1659
1701291600000,3183.5,3195.0,3150.5,3168.0,3008
1701378000000,3170.0,3174.5,3143.5,3145.0,1299
1701637200000,3141.5,3146.5,3112.0,3116.0,3100
1701723600000,3117.0,3145.0,3095.5,3135.0,2480
1701810000000,3144.0,3153.0,3080.0,3083.0,3404
1701896400000,3080.0,3089.0,3050.0,3075.0,4705
1701982800000,3074.5,3102.0,3063.0,3088.0,3240
1702242000000,3078.5,3090.5,3025.0,3025.5,3511
1702328400000,3030.0,3048.5,3002.5,3032.0,7755
1702414800000,3027.5,3049.0,3006.0,3034.0,5900
1702501200000,3035.5,3070.0,3012.0,3012.0,6109
1702587600000,3011.0,3095.0,2980.0,3050.0,13312
1702846800000,3049.5,3096.5,3049.0,3085.0,10114
1702933200000,3087.5,3097.5,3072.0,3093.5,5444
1703019600000,3084.5,3122.0,3084.5,3111.5,10016
1703106000000,3110.5,3112.0,3057.0,3075.0,16130
1703192400000,3075.0,3109.0,3075.0,3100.0,8139
1703451600000,3106.5,3121.0,3094.0,3103.0,13021
1703538000000,3103.0,3105.0,3086.5,3098.5,11084
1703624400000,3097.5,3118.0,3095.0,3104.0,5673
1703710800000,3102.0,3108.0,3088.0,3096.0,7416
1703797200000,3098.0,3106.5,3090.0,3102.5,6147
1704229200000,3103.0,3139.0,3100.0,3138.0,6801
1704315600000,3138.5,3147.0,3133.0,3135.0,4675
1704402000000,3133.0,3145.0,3131.5,3134.5,3648
1704661200000,3135.0,3227.5,3132.5,3159.0,5291
1704747600000,3156.0,3164.0,3146.0,3163.5,5918
1704834000000,3164.5,3178.5,3154.0,3177.0,4159
1704920400000,3175.5,3178.5,3153.0,3172.0,8540
1705006800000,3174.5,3201.0,3173.5,3196.5,5351
1705266000000,3196.5,3204.5,3181.0,3181.0,5191
1705352400000,3190.0,3190.0,3168.5,3178.5,9989
1705438800000,3178.5,3195.0,3175.0,3187.0,4271
1705525200000,3187.5,3199.0,3178.0,3185.0,6147
1705611600000,3183.0,3183.0,3157.0,3169.5,6459
1705870800000,3172.0,3183.0,3160.0,3180.5,4455
1705957200000,3180.5,3184.0,3172.0,3177.0,2158
1706043600000,3179.0,3188.5,3156.0,3170.0,4395
1706130000000,3167.5,3170.0,3147.0,3161.0,4928
1706216400000,3161.5,3177.0,3157.0,3169.0,3702
1706475600000,3169.0,3189.5,3169.0,3180.0,4438
1706562000000,3180.5,3202.5,3180.5,3200.5,17968
1706648400000,3199.5,3224.0,3192.5,3223.0,6873
1706734800000,3220.5,3236.0,3214.0,3227.5,4952
1706821200000,3227.0,3236.0,3219.5,3235.5,6519
1707080400000,3233.0,3239.0,3225.0,3233.5,5948
1707166800000,3232.0,3245.0,3228.5,3244.0,4050
1707253200000,3241.5,3263.5,3239.5,3259.0,6259
1707339600000,3258.0,3269.0,3240.0,3242.0,6562
1707426000000,3243.0,3245.0,3222.0,3240.0,7256
1707685200000,3240.0,3252.0,3229.0,3248.0,6603
1707771600000,3251.5,3263.5,3246.0,3253.0,9009
1707858000000,3252.5,3270.0,3252.5,3256.0,3753
1707944400000,3258.5,3269.0,3240.0,3267.0,5892
1708030800000,3268.0,3278.5,3240.0,3242.0,9297
1708290000000,3242.0,3257.5,3235.0,3249.5,5519
1708376400000,3252.0,3252.0,3208.5,3209.0,9305
1708462800000,3209.0,3209.0,3112.5,3155.0,28035
1708549200000,3148.0,3172.0,3141.0,3148.0,7642
1708894800000,3147.5,3222.0,3147.5,3216.5,10938
1708981200000,3217.0,3227.5,3206.0,3212.5,4887
1709067600000,3212.0,3241.5,3212.0,3228.5,5885
1709154000000,3229.5,3262.5,3227.5,3260.0,7726
1709240400000,3262.0,3272.0,3253.5,3271.5,5248
1709499600000,3271.5,3302.0,3269.5,3300.0,6433
1709586000000,3297.0,3318.0,3288.5,3305.0,8286
1709672400000,3303.5,3319.5,3294.0,3315.0,7434
1709758800000,3317.0,3319.5,3306.0,3316.0,6537
1710104400000,3316.5,3342.0,3316.5,3320.0,7154
1710190800000,3321.0,3341.0,3305.5,3336.5,6837
1710277200000,3339.5,3348.5,3322.0,3324.0,5791
1710363600000,3323.0,3325.0,3291.0,3299.0,10850
1710450000000,3299.5,3318.5,3296.0,3307.0,8202
1710709200000,3307.5,3368.0,3297.0,3299.5,10104
1710795600000,3299.0,3307.5,3256.0,3271.5,14760
1710882000000,3271.0,3290.0,3264.0,3271.0,8836
1710968400000,3272.5,3304.0,3262.5,3282.5,14230
1711054800000,3282.5,3303.0,3265.5,3271.5,13224
1711314000000,3272.0,3280.5,3227.5,3277.0,31021
1711400400000,3277.5,3292.5,3276.0,3285.0,6855
1711486800000,3287.0,3302.5,3281.5,3301.5,4289
1711573200000,3302.0,3317.0,3302.0,3315.0,5516
1711659600000,3315.0,3331.0,3309.0,3328.5,5050
1711918800000,3330.0,3371.5,3329.5,3371.5,9328
1712005200000,3370.0,3379.0,3360.0,3372.0,7046
1712091600000,3373.0,3398.5,3373.0,3398.5,5668
1712178000000,3394.0,3412.5,3394.0,3409.0,7827
1712264400000,3408.5,3413.0,3388.0,3404.0,7874
1712523600000,3403.0,3429.0,3396.0,3426.5,6975
1712610000000,3425.5,3442.5,3412.5,3413.5,10320
1712696400000,3420.5,3449.5,3407.0,3445.0,7701
1712782800000,3441.0,3459.5,3436.0,3443.0,7602
1712869200000,3446.5,3469.0,3442.0,3462.0,7957
1713128400000,3462.0,3480.0,3456.0,3476.0,8417
1713214800000,3476.0,3483.0,3461.5,3463.0,6068
1713301200000,3467.5,3478.0,3444.0,3457.0,10964
1713387600000,3456.0,3463.0,3440.0,3459.0,8227
1713474000000,3459.0,3480.5,3453.5,3472.0,6510
1713733200000,3477.0,3481.5,3465.0,3475.0,8229
1713819600000,3478.0,3493.0,3433.0,3442.0,15218
1713906000000,3439.5,3451.5,3423.5,3430.0,17239
1713992400000,3433.0,3450.0,3428.5,3449.0,10827
1714078800000,3448.0,3463.0,3441.5,3460.0,13309
1714165200000,3460.0,3470.5,3454.5,3467.0,6145
1714338000000,3467.5,3494.5,3465.0,3479.5,9847
1714424400000,3482.0,3486.5,3466.5,3477.0,3568
1714597200000,3472.0,3481.5,3442.0,3442.0,12438
1714683600000,3444.0,3455.5,3430.0,3447.5,11938
1714942800000,3447.5,3450.0,3418.5,3439.0,18554
1715029200000,3439.0,3440.0,3411.0,3434.0,15025
1715115600000,3437.0,3446.0,3433.0,3437.5,11017
1715288400000,3438.0,3458.0,3435.5,3453.0,4865
1715547600000,3454.5,3472.5,3450.5,3463.0,6678
1715634000000,3467.0,3474.0,3460.0,3469.5,4822
1715720400000,3470.0,3482.0,3462.5,3480.0,9698
1715806800000,3480.0,3494.0,3476.0,3486.5,6232
1715893200000,3486.0,3512.0,3485.0,3506.0,8438
1716152400000,3507.5,3523.5,3462.5,3465.5,14572
1716238800000,3464.0,3469.5,3410.0,3431.0,29677
1716325200000,3433.5,3452.5,3431.0,3448.0,7999
1716411600000,3447.0,3450.5,3412.0,3442.5,11510
1716498000000,3442.5,3446.0,3381.0,3405.0,20770
1716757200000,3402.0,3404.5,3303.5,3306.0,30882
1716843600000,3315.5,3352.5,3282.5,3313.5,18889
1716930000000,3310.5,3329.5,3286.0,3329.5,16855
1717016400000,3329.0,3350.0,3270.0,3280.5,22199
1717102800000,3285.0,3289.5,3215.5,3228.0,36678
1717362000000,3223.5,3229.0,3091.5,3156.0,60488
1717448400000,3152.5,3207.5,3137.0,3194.0,32484
1717534800000,3217.0,3241.0,3196.0,3218.5,27915
1717621200000,3219.0,3221.5,3181.0,3197.5,19952
1717707600000,3197.5,3290.0,3190.0,3239.0,39661
1717966800000,3239.0,3258.0,3176.0,3177.0,40958
1718053200000,3176.0,3196.0,3151.5,3184.0,27693
1718226000000,3181.0,3184.0,3007.0,3175.5,47259
1718312400000,3174.5,3225.0,3162.5,3218.0,27633
1718571600000,3218.0,3227.0,3185.0,3189.0,26968
1718658000000,3187.5,3190.0,3107.0,3111.5,41951
1718744400000,3115.0,3120.0,3019.0,3030.0,56119
1718830800000,3033.0,3126.5,3000.5,3115.0,89013
1718917200000,3124.0,3180.0,3100.0,3119.0,35074
1719176400000,3118.0,3135.5,3088.0,3104.0,30080
1719262800000,3103.0,3125.5,3081.5,3119.0,16909
1719349200000,3120.0,3159.5,3118.0,3156.0,19940
1719435600000,3154.5,3169.5,3127.5,3151.5,22890
1719522000000,3153.5,3172.0,3145.5,3159.0,13654
1719781200000,3158.5,3190.5,3157.5,3185.0,15668
1719867600000,3186.5,3224.0,3184.0,3215.0,17035
1719954000000,3218.5,3231.5,3197.5,3204.0,26706
1720040400000,3203.5,3204.5,3127.5,3131.5,35839
1720126800000,3142.0,3164.5,3106.5,3161.5,34270
1720386000000,3161.0,3179.5,3125.5,3136.5,33567
1720472400000,3136.5,3140.0,3050.0,3052.5,42437
1720558800000,3035.5,3062.5,2968.5,2984.0,45960
1720645200000,2976.5,3012.5,2910.0,3001.0,110737
1720731600000,3001.0,3026.5,2959.0,2985.5,54399
1720990800000,2976.5,3000.0,2912.5,2917.0,46102
1721077200000,2915.5,2973.5,2880.5,2950.5,83658
1721163600000,2951.0,2990.0,2935.5,2950.0,60997
1721250000000,2954.0,2989.0,2915.0,2984.5,51909
1721336400000,2984.5,3029.0,2976.5,3013.0,42764
1721595600000,3015.0,3046.5,3000.5,3021.5,41896
1721682000000,3031.0,3060.0,3008.0,3028.0,28364
1721768400000,3033.0,3058.5,3020.0,3054.0,22741
1721854800000,3055.0,3090.0,3023.5,3043.0,41761
1721941200000,3045.5,3067.0,2975.0,2982.0,95654
1722200400000,2982.0,2998.0,2912.5,2920.0,63155
1722286800000,2916.0,2956.5,2899.5,2953.0,52616
1722373200000,2953.0,2968.5,2929.0,2946.5,43195
1722459600000,2951.5,2972.0,2939.0,2939.5,31458
1722546000000,2940.0,2942.5,2890.0,2904.5,53486
1722805200000,2907.0,2907.0,2812.0,2830.0,66007
1722891600000,2831.5,2868.5,2817.5,2837.5,64332
1722978000000,2837.5,2881.0,2805.5,2879.0,75918
1723064400000,2879.0,2892.5,2850.0,2850.5,54373
1723150800000,2856.0,2872.5,2832.5,2852.5,47084
1723410000000,2836.5,2861.5,2818.0,2851.5,38487
1723496400000,2848.5,2898.0,2848.5,2885.5,41739
1723582800000,2886.5,2914.0,2869.0,2870.5,57168
1723669200000,2869.0,2874.5,2838.0,2838.0,50226
1723755600000,2843.5,2852.0,2826.5,2828.0,38038
1724014800000,2836.5,2836.5,2777.5,2779.0,76073
1724101200000,2781.5,2804.0,2755.5,2776.5,74802
1724187600000,2777.5,2787.0,2749.5,2776.0,69573
1724274000000,2779.5,2790.5,2730.0,2733.0,83010
1724360400000,2733.5,2733.5,2656.5,2668.0,113737
1724619600000,2668.0,2798.5,2658.5,2771.5,151972
1724706000000,2770.0,2805.5,2730.5,2733.5,113545
1724792400000,2735.0,2738.0,2670.0,2706.0,128173
1724878800000,2703.0,2728.0,2682.0,2719.5,117193
1724965200000,2728.0,2730.0,2641.0,2642.5,140145
1725224400000,2619.0,2631.5,2528.0,2534.5,196316
1725310800000,2546.5,2607.0,2516.5,2528.5,241962
1725397200000,2525.5,2618.0,2523.0,2615.0,172582
1725483600000,2618.0,2663.0,2611.5,2626.5,149274
1725570000000,2626.5,2651.0,2606.5,2626.0,140554
1725829200000,2628.0,2711.0,2625.5,2708.0,156905
1725915600000,2711.0,2734.0,2669.5,2671.0,187031
1726002000000,2671.5,2693.5,2660.0,2666.5,96704
1726088400000,2668.5,2681.0,2608.0,2618.0,150729
1726174800000,2617.0,2690.5,2584.5,2686.5,268618
1726434000000,2687.5,2753.0,2672.0,2753.0,204278
1726520400000,2751.0,2785.0,2730.0,2782.0,160530
1726606800000,2782.0,2787.0,2747.0,2754.0,134939
1726693200000,2753.0,2782.0,2739.5,2771.0,119814
1726779600000,2773.0,2797.5,2763.0,2788.0,87261
1727038800000,2788.0,2838.0,2783.0,2823.0,124110
1727125200000,2823.0,2874.0,2823.0,2870.0,155160
1727211600000,2871.0,2892.0,2830.0,2838.5,131140
1727298000000,2836.5,2850.0,2811.0,2833.5,157589
1727384400000,2836.0,2867.5,2830.0,2861.0,73913
1727643600000,2863.0,2893.5,2842.0,2854.0,116112
1727730000000,2854.0,2861.0,2794.0,2813.5,142064
1727816400000,2816.0,2840.0,2756.5,2764.5,107269
1727902800000,2774.0,2794.0,2744.0,2784.5,176746
1727989200000,2784.5,2820.0,2784.5,2802.5,106203
1728248400000,2804.0,2818.0,2780.5,2803.0,92850
1728334800000,2799.0,2811.0,2778.0,2789.5,108091
1728421200000,2788.5,2799.0,2751.0,2753.5,95894
1728507600000,2756.0,2780.0,2754.0,2765.0,92986
1728594000000,2765.5,2774.0,2740.5,2754.0,94764
1728853200000,2755.0,2789.5,2724.0,2778.5,169933
1728939600000,2777.5,2812.5,2767.0,2809.0,105209
1729026000000,2807.5,2830.0,2783.0,2783.0,119088
1729112400000,2784.5,2800.0,2768.0,2771.5,98097
1729198800000,2771.5,2773.5,2746.0,2756.5,99346
1729458000000,2756.5,2781.5,2756.0,2765.5,74868
1729544400000,2768.0,2785.5,2754.0,2758.0,64871
1729630800000,2756.5,2762.0,2733.0,2735.0,101282
1729717200000,2734.0,2736.5,2690.0,2724.0,171805
1729803600000,2724.0,2855.0,2659.0,2670.0,355685
1730062800000,2670.0,2673.0,2573.0,2578.0,223767
1730149200000,2578.0,2617.0,2560.0,2604.0,212808
1730235600000,2604.0,2634.0,2593.0,2616.0,166931
1730322000000,2616.0,2616.0,2556.0,2558.5,203436
1730408400000,2560.0,2586.0,2546.0,2584.0,147359
1730494800000,2584.0,2604.5,2576.5,2596.0,77605
1730754000000,2596.0,2627.0,2594.0,2620.0,87642
1730840400000,2620.0,2718.0,2617.0,2660.5,326798
1730926800000,2660.0,2699.5,2635.5,2697.0,194619
1731013200000,2695.5,2755.0,2695.5,2737.0,265420
1731272400000,2741.5,2803.0,2739.5,2797.0,251995
1731358800000,2788.0,2788.0,2750.0,2754.5,132217
1731445200000,2759.0,2775.5,2741.0,2769.5,146319
1731531600000,2765.5,2772.0,2695.0,2696.5,223130
1731618000000,2698.5,2748.0,2695.0,2747.0,178448
1731877200000,2746.0,2755.0,2681.0,2721.0,222296
1731963600000,2720.5,2728.5,2626.0,2637.5,273528
1732050000000,2638.5,2669.5,2595.5,2601.0,268968
1732136400000,2597.5,2611.0,2559.5,2578.0,314626
1732222800000,2577.0,2633.0,2555.0,2584.5,275542
1732482000000,2583.5,2615.0,2520.0,2530.0,264604
1732568400000,2532.0,2549.0,2456.5,2470.0,328772
1732654800000,2470.0,2515.0,2430.0,2485.5,458047
1732741200000,2486.5,2563.0,2480.5,2559.5,396041
1732827600000,2559.5,2585.0,2537.5,2573.0,257960
1733086800000,2577.0,2603.0,2572.0,2591.0,167791
1733173200000,2590.0,2595.0,2525.0,2538.0,233637
1733259600000,2540.5,2561.0,2484.0,2490.0,295397
1733346000000,2490.0,2530.5,2440.5,2519.0,491055
1733432400000,2524.0,2557.5,2508.5,2540.0,325373
1733691600000,2551.0,2591.0,2548.0,2578.0,189257
1733778000000,2578.0,2580.0,2518.0,2525.5,290699
1733864400000,2527.0,2537.5,2500.5,2511.5,246339
1733950800000,2517.0,2552.5,2491.0,2494.5,332177
1734037200000,2495.0,2504.5,2471.0,2485.5,255373
1734296400000,2489.5,2493.5,2416.5,2423.5,343465
1734382800000,2422.0,2447.5,2375.5,2386.0,488896
1734469200000,2402.5,2437.0,2384.5,2426.0,250369
1734555600000,2409.0,2475.0,2409.0,2430.5,579649
1734642000000,2437.5,2664.0,2426.5,2654.5,925956
1734901200000,2653.5,2766.0,2637.0,2715.0,681587
1734987600000,2715.0,2729.5,2686.0,2690.5,422181
1735074000000,2690.5,2757.0,2671.5,2739.5,514935
1735160400000,2740.0,2781.0,2740.0,2763.5,423756
1735246800000,2763.0,2774.5,2747.5,2757.0,232237
1735333200000,2771.5,2799.5,2767.0,2796.5,177121
1735506000000,2789.5,2887.0,2789.5,2881.5,276621
1735851600000,2879.0,2914.0,2816.0,2828.0,310772
1736110800000,2820.0,2827.5,2795.5,2822.0,144287
1736283600000,2821.0,2852.5,2815.5,2845.0,162926
1736370000000,2846.0,2859.5,2769.0,2778.0,443041
1736456400000,2779.0,2849.0,2750.5,2823.5,583357
1736715600000,2824.5,2887.5,2820.0,2867.5,400855
1736802000000,2869.0,2884.0,2832.5,2865.0,341542
1736888400000,2864.5,2881.5,2842.0,2849.0,237826
1736974800000,2850.0,2935.5,2850.0,2913.5,546787
1737061200000,2912.5,2953.0,2897.0,2950.0,385147
1737320400000,2950.5,2989.0,2920.0,2933.5,591985
1737406800000,2918.0,2943.0,2889.5,2938.0,399328
1737493200000,2938.0,2980.0,2930.0,2977.0,392924
1737579600000,2980.0,2988.0,2913.5,2926.0,517368
1737666000000,2928.5,2976.5,2916.0,2957.0,444024
1737925200000,2958.0,2964.5,2890.5,2892.5,467617
1738011600000,2893.5,2939.0,2874.5,2935.5,542640
1738098000000,2937.5,2962.0,2930.5,2945.0,269039
1738184400000,2950.0,2970.0,2935.5,2966.0,360878
1738270800000,2965.0,2997.0,2944.5,2950.0,420868
1738530000000,2955.0,2966.5,2916.5,2923.0,356909
1738616400000,2926.5,2953.0,2911.5,2916.0,319317
1738702800000,2917.5,2939.0,2895.0,2930.0,437541
1738789200000,2965.0,2989.0,2953.5,2977.5,321118
1738875600000,2976.5,2988.0,2960.5,2968.0,282966
1739134800000,2967.5,3023.0,2966.0,3014.5,344821
1739221200000,2991.5,3022.0,2985.0,3021.0,300220
1739307600000,3018.0,3061.5,3009.5,3047.0,377642
1739394000000,3043.0,3252.5,3009.0,3210.5,1185992
1739480400000,3212.0,3294.5,3154.0,3191.0,1056699
1739739600000,3192.5,3324.5,3189.5,3319.5,593062
1739826000000,3319.5,3363.0,3257.0,3264.0,1166282
1739912400000,3265.0,3297.5,3224.0,3285.0,663310
1739998800000,3287.0,3339.0,3282.5,3298.0,648779
1740085200000,3304.5,3326.5,3265.0,3300.5,506784
1740344400000,3296.5,3330.0,3285.5,3323.5,454231
1740430800000,3323.5,3384.0,3315.0,3338.5,574015
1740517200000,3341.0,3375.0,3239.0,3276.5,868755
1740603600000,3274.0,3277.0,3201.0,3238.0,989326
1740690000000,3241.0,3241.5,3156.0,3205.5,1056054
1740949200000,3212.5,3212.5,3130.5,3144.0,775819
1741035600000,3208.0,3318.0,3198.5,3301.5,692244
1741122000000,3271.5,3318.0,3246.0,3273.0,801805
1741208400000,3240.5,3244.0,3194.5,3212.0,569135
1741294800000,3209.5,3257.5,3160.0,3172.5,795890
1741554000000,3175.0,3236.5,3175.0,3212.0,658967
1741640400000,3200.0,3223.5,3182.5,3204.0,368576
1741726800000,3205.0,3237.5,3166.5,3188.0,635742
1741813200000,3189.5,3200.0,3105.5,3173.5,836181
1741899600000,3163.0,3213.5,3138.5,3208.5,503589
1742158800000,3202.0,3264.5,3200.0,3252.5,565356
1742245200000,3255.0,3295.5,3233.0,3268.0,515459
1742331600000,3223.5,3264.0,3201.0,3258.5,373405
1742418000000,3247.5,3264.0,3210.5,3236.5,558451
1742504400000,3238.5,3252.5,3194.5,3198.0,588901
1742763600000,3199.5,3221.5,3176.5,3185.5,316579
1742850000000,3188.5,3200.5,3126.0,3192.5,548116
1742936400000,3200.0,3204.5,3134.0,3136.0,296417
1743022800000,3133.0,3138.5,3077.0,3089.0,570727
1743109200000,3080.0,3097.0,3008.0,3030.5,795913
1743368400000,3031.0,3036.5,2975.0,3017.5,736806
1743454800000,3037.0,3045.0,2955.0,2973.5,625579
1743541200000,2970.0,2977.0,2916.0,2930.5,802966
1743627600000,2930.5,2980.0,2856.5,2866.5,966031
1743714000000,2866.5,2908.5,2782.5,2795.0,1179375
1743973200000,2798.0,2800.0,2643.0,2733.0,2012057
1744059600000,2734.0,2785.0,2706.5,2751.0,710012
1744146000000,2752.0,2758.5,2603.0,2639.5,1357908
1744232400000,2650.0,2814.0,2640.0,2758.5,1186641
1744318800000,2756.5,2844.0,2724.5,2834.0,1033368
1744578000000,2835.0,2861.5,2810.0,2811.0,621931
1744664400000,2812.0,2841.5,2791.0,2808.5,559067
1744750800000,2807.5,2877.0,2793.0,2869.5,560210
1744837200000,2869.5,2891.5,2842.5,2874.0,487407
1744923600000,2873.0,2914.5,2827.0,2875.0,996430
1745182800000,2876.5,2938.0,2865.5,2929.5,668329
1745269200000,2947.0,2975.0,2917.0,2971.5,446561
1745355600000,2956.5,3012.0,2904.5,2949.5,1173630
1745442000000,2950.0,2978.5,2930.0,2944.0,563037
1745528400000,2946.0,3015.0,2936.0,3007.5,817933
1745787600000,3007.5,3090.0,2982.5,3033.0,1026327
1745874000000,3032.5,3034.5,2957.5,2960.5,689341
1745960400000,2963.5,2972.0,2890.0,2921.5,913007
1746133200000,2921.0,2940.5,2838.0,2843.0,597055
1746392400000,2844.0,2850.0,2734.5,2745.0,724551
1746478800000,2769.0,2833.0,2731.5,2825.0,713416
1746565200000,2823.0,2853.0,2792.5,2844.0,829742
1746651600000,2844.0,2878.5,2824.0,2855.0,559970
1746997200000,2855.0,2970.0,2843.0,2933.0,638466
1747083600000,2934.0,2950.0,2913.5,2933.5,421464
1747170000000,2935.0,2952.5,2913.5,2933.0,298625
1747256400000,2880.0,2894.5,2827.5,2848.0,830113
1747342800000,2844.0,2883.0,2783.0,2845.0,1210670
1747602000000,2848.0,2919.0,2841.0,2900.0,513293
1747688400000,2898.0,2927.5,2827.0,2827.0,869711
1747774800000,2828.0,2848.0,2809.5,2819.5,408655
1747861200000,2806.0,2815.5,2758.0,2783.0,605814
1747947600000,2795.5,2798.5,2765.0,2772.5,436919
1748206800000,2774.0,2783.0,2702.5,2704.0,467243
1748293200000,2706.5,2744.5,2686.5,2735.5,567527
1748379600000,2735.5,2804.5,2734.0,2796.0,592507
1748466000000,2825.0,2847.5,2802.0,2802.5,531053
1748552400000,2813.5,2843.0,2796.0,2830.0,609824
1748811600000,2831.0,2839.0,2777.5,2829.5,858859
1748898000000,2823.5,2844.5,2810.0,2840.5,537801
1748984400000,2837.5,2875.0,2827.5,2839.0,742381
1749070800000,2839.0,2863.5,2833.0,2853.5,411397
1749157200000,2856.0,2950.0,2786.0,2787.5,1730788
1749416400000,2789.5,2804.0,2737.5,2744.0,722253
1749502800000,2747.0,2771.0,2708.0,2731.0,614265
1749589200000,2731.5,2748.0,2715.0,2740.0,485565
1749762000000,2743.0,2768.5,2726.0,2753.5,354457
1750021200000,2753.5,2773.0,2734.0,2739.0,316944
1750107600000,2739.5,2796.0,2734.0,2794.0,483202
1750194000000,2795.5,2812.5,2786.5,2793.0,588052
1750280400000,2794.0,2807.0,2772.5,2784.0,444191
1750366800000,2784.5,2797.0,2748.0,2749.5,428225
1750626000000,2750.5,2773.5,2739.0,2764.5,467342
1750712400000,2765.0,2771.5,2718.0,2745.0,543205
1750798800000,2746.0,2794.0,2741.0,2791.5,470472
1750885200000,2790.5,2810.0,2784.0,2797.0,367494
1750971600000,2797.0,2817.5,2782.0,2807.5,376406
1751230800000,2808.0,2850.5,2807.0,2848.0,528844
1751317200000,2848.5,2862.5,2839.5,2847.5,377057
1751403600000,2848.5,2862.5,2813.0,2818.5,452182
1751490000000,2820.0,2848.5,2816.5,2827.5,555090
1751576400000,2829.0,2836.5,2793.5,2804.0,523210
1751835600000,2806.0,2813.5,2757.5,2762.0,488308
1751922000000,2763.0,2769.0,2742.0,2759.0,386855
1752008400000,2760.5,2762.0,2689.5,2698.0,693058
1752094800000,2698.5,2743.0,2698.5,2739.5,460634
1752181200000,2740.5,2746.0,2641.5,2645.0,712234
1752440400000,2647.0,2727.5,2608.0,2718.0,975699
1752526800000,2724.0,2767.0,2719.5,2760.0,712326
1752613200000,2760.0,2791.5,2754.0,2778.5,481749
1752699600000,2780.0,2798.0,2763.0,2764.5,473524
1752786000000,2765.0,2793.5,2730.0,2790.0,873040
1753045200000,2791.0,2835.0,2789.5,2822.0,554693
1753131600000,2824.0,2837.5,2804.5,2829.0,443787
1753218000000,2829.0,2854.0,2829.0,2843.5,408570
1753304400000,2844.0,2853.5,2810.0,2811.5,542622
1753390800000,2812.0,2840.0,2769.5,2777.0,1070509
1753650000000,2775.5,2788.0,2728.5,2736.0,1006242
1753736400000,2737.0,2767.5,2734.0,2760.5,522204
1753822800000,2761.0,2766.5,2719.0,2728.0,570750
1753909200000,2728.5,2745.5,2718.5,2733.0,424273
1753995600000,2734.0,2757.5,2725.0,2731.5,471709
1754254800000,2732.0,2779.0,2711.5,2775.5,630253
1754341200000,2775.5,2798.5,2766.0,2785.5,535681
1754427600000,2786.5,2803.5,2755.5,2766.0,656327
1754514000000,2766.5,2923.0,2759.0,2879.5,2749489
1754600400000,2877.0,2930.0,2863.5,2923.0,1249929
1754859600000,2923.5,2998.0,2921.5,2965.0,992300
1754946000000,2965.0,2983.0,2953.5,2980.0,543992
1755032400000,2981.5,2994.5,2961.5,2975.0,528579
1755118800000,2977.0,2990.5,2938.0,2976.5,742537
1755205200000,2977.5,3023.0,2977.5,3019.0,616653
1755291600000,2966.5,2970.0,2922.0,2949.5,221697
1755378000000,2947.0,2954.5,2932.0,2934.0,74103
1755464400000,3021.0,3026.5,2922.0,2951.5,1069345
1755550800000,2952.0,3020.0,2945.0,2966.5,1170339
1755637200000,2967.0,2980.0,2932.0,2939.0,776041
1755723600000,2940.0,2947.5,2881.5,2882.5,1042636
1755810000000,2882.5,2907.5,2875.5,2900.0,718013
1756069200000,2901.0,2915.5,2861.5,2890.5,778384
1756155600000,2891.0,2920.5,2882.0,2889.0,572940
1756242000000,2890.5,2919.0,2886.0,2917.5,498722
1756328400000,2916.0,2929.5,2903.0,2912.0,434441
1756414800000,2912.5,2915.0,2872.0,2902.5,894722
1756674000000,2901.0,2927.0,2892.5,2894.0,408762
1756760400000,2894.0,2899.0,2846.5,2848.0,770347
1756846800000,2848.5,2879.0,2847.0,2868.5,623002
1756933200000,2869.5,2898.0,2868.5,2877.5,724990
1757019600000,2877.5,2909.0,2877.0,2904.0,502864
1757278800000,2905.0,2924.5,2900.5,2923.0,413561
1757365200000,2923.0,2942.0,2923.0,2935.5,514144
1757451600000,2936.0,2942.0,2915.5,2916.0,553997
1757538000000,2916.0,2922.0,2897.0,2914.5,640939
1757624400000,2915.0,2919.5,2840.0,2841.0,1163293
1757883600000,2842.0,2846.0,2807.0,2813.0,987676
1757970000000,2814.5,2835.5,2783.0,2805.5,1085826
1758056400000,2807.0,2828.0,2790.0,2821.5,824240
1758142800000,2823.0,2837.0,2786.0,2803.0,858155
1758229200000,2804.0,2812.5,2750.0,2750.5,1195862
1758488400000,2751.5,2755.5,2707.0,2738.5,1468768
1758574800000,2741.0,2773.0,2737.0,2761.0,1064548
1758661200000,2761.5,2762.5,2679.5,2726.0,2031158
1758747600000,2726.5,2744.0,2700.5,2701.0,881780
1758834000000,2701.0,2734.0,2691.0,2732.0,939135
1759093200000,2732.0,2749.0,2680.0,2683.0,1135496
1759179600000,2684.0,2694.5,2654.0,2685.0,1337008
1759266000000,2685.0,2695.0,2645.0,2648.0,989565
1759352400000,2649.0,2656.5,2627.0,2637.5,893511
1759438800000,2638.0,2653.0,2604.5,2605.5,988243
1759698000000,2605.5,2654.5,2550.5,2648.0,2175794
1759784400000,2648.0,2676.5,2636.5,2666.5,1218117
1759870800000,2666.5,2683.0,2553.0,2559.5,1907343
1759957200000,2560.5,2652.0,2522.5,2642.5,3078451
1760043600000,2643.0,2649.0,2573.5,2586.0,1898015
1760302800000,2586.0,2614.5,2552.0,2575.5,2002986
1760389200000,2576.0,2593.0,2531.0,2539.0,1083868
1760475600000,2540.0,2567.5,2526.0,2546.0,1005536
1760562000000,2545.5,2623.5,2531.5,2611.0,1464186
1760648400000,2611.5,2740.0,2587.5,2726.5,3168959
1760907600000,2727.0,2771.0,2715.5,2746.0,1632833
1760994000000,2747.5,2753.0,2609.0,2635.0,1932786
1761080400000,2634.5,2683.5,2623.5,2653.5,1640184
1761166800000,2653.0,2659.5,2548.5,2570.0,2153640
1761253200000,2568.5,2613.0,2531.5,2546.5,2074896
1761512400000,2548.0,2553.5,2460.0,2476.0,1669771
1761598800000,2476.0,2520.5,2454.5,2498.0,1490918
1761685200000,2498.5,2535.0,2495.5,2522.5,962626
1761771600000,2524.0,2572.0,2510.5,2560.0,920520
1761858000000,2561.0,2570.0,2522.0,2523.0,839928
1761944400000,2524.0,2539.0,2502.5,2530.5,528649
1762117200000,2531.0,2585.5,2530.5,2572.0,441392
1762290000000,2573.0,2583.0,2537.5,2547.0,1024189
1762376400000,2547.5,2561.5,2534.5,2541.5,595110
1762462800000,2543.0,2577.5,2537.5,2571.5,663183
1762722000000,2571.5,2603.5,2555.5,2558.0,895057
1762808400000,2558.0,2579.5,2552.0,2569.0,654971
1762894800000,2569.0,2584.0,2530.5,2536.0,750447
1762981200000,2536.0,2554.0,2526.0,2546.5,608458
1763067600000,2546.5,2559.5,2516.5,2526.0,608363
1763326800000,2527.0,2544.0,2503.5,2516.0,553916
1763413200000,2516.0,2577.0,2495.0,2567.0,1749259
1763499600000,2567.0,2673.0,2553.0,2648.0,2334642
1763586000000,2647.5,2667.0,2620.0,2628.0,1763778
1763672400000,2629.0,2726.0,2627.5,2682.0,2627349
1763931600000,2677.5,2714.5,2646.5,2653.5,1430553
1764018000000,2654.0,2700.0,2641.0,2683.0,1449939
1764104400000,2683.0,2702.0,2662.0,2667.5,799467
1764190800000,2669.5,2683.0,2607.0,2622.0,939678
1764277200000,2622.5,2689.5,2619.0,2678.0,913892
1764536400000,2677.0,2702.5,2665.0,2685.5,997455
1764622800000,2686.5,2695.5,2659.0,2670.5,603181
1764709200000,2672.0,2691.0,2622.0,2648.0,855552
1764795600000,2647.0,2672.5,2643.5,2660.5,445724
1764882000000,2660.5,2721.5,2655.5,2714.5,896703
1765141200000,2713.5,2743.5,2702.0,2705.5,750829
1765227600000,2705.5,2726.5,2685.5,2704.0,842669
1765314000000,2703.5,2743.0,2703.0,2722.5,709067
1765400400000,2722.5,2766.5,2721.5,2751.0,975552
1765486800000,2751.5,2805.0,2732.0,2735.5,1102153
1765746000000,2736.0,2755.5,2713.5,2751.5,1058228
1765832400000,2751.0,2783.5,2740.5,2776.0,735075
1765918800000,2777.0,2788.5,2742.5,2764.0,895797
1766005200000,2765.5,2779.0,2754.0,2758.0,845820
1766091600000,2759.5,2796.0,2721.0,2747.5,1664512
1766350800000,2747.5,2764.0,2713.5,2716.5,847778
1766437200000,2718.5,2737.0,2705.0,2731.0,665108
1766523600000,2731.0,2736.0,2710.5,2720.5,544502
1766610000000,2721.0,2728.0,2711.5,2717.0,335515
1766696400000,2717.5,2765.5,2717.0,2760.5,687708
1766955600000,2761.5,2828.0,2743.0,2746.0,1651064
1767042000000,2747.0,2780.5,2744.0,2772.0,658046
1767560400000,2772.5,2777.5,2731.0,2760.5,448138
1767646800000,2760.0,2765.0,2741.5,2747.0,347148
1767819600000,2748.0,2755.0,2717.0,2721.0,441839
1767906000000,2722.0,2744.0,2711.0,2727.5,404145
1768165200000,2729.0,2735.5,2698.5,2701.5,589364
1768251600000,2703.5,2708.0,2689.0,2694.0,473317
1768338000000,2694.5,2718.0,2675.5,2702.5,859031
1768424400000,2701.5,2716.0,2694.0,2703.5,465966
1768510800000,2704.5,2744.0,2703.0,2738.5,575261
1768770000000,2738.5,2759.0,2732.5,2751.0,495001
1768856400000,2751.5,2754.0,2729.0,2740.0,489235
1768942800000,2741.5,2780.0,2737.0,2773.5,645477
1769029200000,2773.5,2794.0,2756.5,2767.0,865611
1769115600000,2768.5,2785.5,2762.5,2778.0,396966
1769374800000,2779.0,2806.0,2761.0,2766.0,846213
1769461200000,2766.0,2784.5,2753.5,2782.0,429847
1769547600000,2783.0,2801.5,2781.5,2787.5,403993
1769634000000,2787.5,2847.0,2781.5,2800.5,1067241
1769720400000,2802.0,2826.0,2772.5,2784.0,864356
1769979600000,2784.5,2799.0,2755.5,2769.5,625940
1770066000000,2770.5,2796.0,2770.5,2791.0,384313
1770152400000,2790.5,2805.5,2771.5,2774.5,412403
1770238800000,2774.5,2776.5,2723.5,2732.5,840876
1770325200000,2732.0,2747.5,2730.5,2735.5,328694
1770584400000,2736.0,2749.0,2713.5,2723.0,366070
1770670800000,2723.0,2742.0,2717.0,2719.0,313988
1770757200000,2720.0,2765.5,2712.5,2761.5,612234
1770843600000,2761.5,2774.0,2748.0,2768.0,382246
1770930000000,2768.5,2784.5,2745.5,2780.0,841671
1771189200000,2779.5,2798.0,2777.0,2782.0,291606
1771275600000,2783.0,2793.5,2767.5,2767.5,301368
1771362000000,2768.0,2782.0,2760.5,2780.0,437298
1771448400000,2779.0,2794.5,2771.0,2771.0,285098
1771534800000,2773.0,2787.5,2769.0,2783.5,229169
1771880400000,2783.0,2811.0,2777.0,2778.0,376059
1771966800000,2778.5,2801.5,2777.5,2797.5,233913
1772053200000,2797.5,2806.0,2784.0,2786.0,278036
1772139600000,2787.5,2806.0,2782.5,2804.0,240705
1772398800000,2802.5,2853.0,2800.0,2832.5,801235
1772485200000,2833.0,2860.0,2821.0,2822.0,625373
1772571600000,2824.5,2839.5,2804.0,2809.5,479426
1772658000000,2811.0,2831.0,2806.5,2827.5,308571
1772744400000,2827.0,2863.5,2827.0,2855.5,317778
1773003600000,2856.0,2915.0,2854.0,2888.0,532792
1773090000000,2889.0,2897.0,2853.0,2857.0,415440
1773176400000,2857.5,2876.0,2844.0,2855.0,329005
1773262800000,2855.0,2880.0,2854.0,2875.5,200265
1773349200000,2876.0,2893.5,2869.0,2872.5,210361
1773608400000,2873.0,2891.5,2851.5,2853.0,346618
1773694800000,2854.5,2867.0,2851.5,2855.0,237803
1773781200000,2855.5,2878.0,2853.0,2874.0,351575
1773867600000,2874.0,2897.0,2865.5,2871.0,380409
1773954000000,2869.5,2890.0,2864.0,2868.0,350062
1774213200000,2868.0,2876.5,2807.5,2829.0,648564
1774299600000,2831.5,2845.0,2828.0,2832.5,270530
1774386000000,2836.0,2844.5,2832.0,2839.0,159730
1774472400000,2841.5,2852.0,2812.5,2822.0,330773
1774558800000,2818.0,2831.0,2782.5,2795.5,410732
1774818000000,2796.0,2816.5,2778.5,2805.0,548116
1774904400000,2802.5,2804.5,2766.5,2776.5,381547
1774990800000,2774.0,2790.5,2767.5,2784.0,332610
1775077200000,2784.0,2789.5,2770.5,2776.5,229994
1775163600000,2782.5,2787.5,2754.0,2760.5,338781
1775422800000,2761.0,2791.0,2749.0,2786.0,351131
1775509200000,2788.0,2806.5,2780.5,2787.0,403923
1775595600000,2772.5,2780.0,2760.0,2765.0,317763
1775682000000,2770.0,2772.5,2735.0,2745.0,383329
1775768400000,2748.5,2748.5,2720.5,2721.5,404943
1776027600000,2720.0,2753.0,2712.0,2719.5,448005
1776114000000,2725.0,2733.5,2703.0,2717.5,369676
1776200400000,2722.5,2751.5,2709.0,2745.5,376902
1776286800000,2749.5,2768.5,2738.5,2740.0,345127
1776373200000,2744.0,2760.0,2717.5,2727.0,560355
1776632400000,2730.0,2759.5,2728.5,2757.0,468331
1776718800000,2750.5,2766.0,2739.5,2756.0,349451
1776805200000,2756.5,2774.5,2752.0,2771.5,266769
1776891600000,2774.5,2781.5,2767.0,2772.5,258912
1776978000000,2773.0,2779.5,2729.5,2743.5,589467
1777237200000,2743.5,2745.5,2723.5,2731.0,363156
1777323600000,2731.0,2737.5,2696.0,2698.0,479249
1777410000000,2703.0,2708.5,2632.5,2661.5,1139372
1777496400000,2665.0,2677.0,2642.0,2671.0,581799
1777842000000,2653.0,2659.0,2606.0,2625.5,825192
1777928400000,2626.5,2654.0,2591.0,2643.0,739425
1778014800000,2643.0,2650.0,2611.5,2623.5,643714
1778101200000,2623.5,2634.0,2606.0,2611.0,391265
1778187600000,2611.0,2639.5,2597.0,2629.0,394514
1778446800000,2646.0,2667.0,2639.5,2666.0,335605
1778533200000,2660.0,2700.0,2651.5,2693.0,630128
1778619600000,2700.0,2700.0,2680.5,2692.0,330486
1778706000000,2692.5,2692.5,2651.5,2653.0,376192
1778792400000,2659.0,2666.0,2629.0,2639.5,323301
1779051600000,2636.5,2644.5,2621.5,2622.5,108863
